{
  "train_samples": 2339,
  "test_samples": 585,
  "train_mae": 1.726270851666716,
  "test_mae": 1.7220344335619426,
  "train_rmse": 2.2667261801681597,
  "test_rmse": 2.2294800056455206,
  "train_r2": 0.854775196872563,
  "test_r2": 0.8630369663028287,
  "n_features": 10
}