{
  "intercept": -1.837308406904051,
  "coefficients": {
    "nfelo_diff": -0.040881578814670826,
    "rest_advantage": -0.027829867579667787,
    "div_game": 0.0037423542035978663,
    "surface_mod": -0.00977713141169688,
    "time_advantage": -0.007306863012774288,
    "qb_diff": -0.04084036039415525
  },
  "alpha": 100.0,
  "train_mae": 1.787230237331669,
  "test_mae": 1.5650884005917187,
  "train_r2": 0.8472827908276105,
  "test_r2": 0.8837157543518535
}