predictor,n_games,mae,rmse,mean_error,median_error,std_error,ats_accuracy,ats_correct,mae_spread_0_3,mae_spread_3_7,mae_spread_7_14,mae_spread_14_100,mean_edge,max_edge,beat_vegas_pct,beat_vegas_games
Vegas,144,13.78125,17.302406303427535,-4.086805555555555,-4.0,16.812830940682453,0.3333333333333333,48,9.9,12.733870967741936,19.397058823529413,30.0,,,,
bk_line,144,14.423599744335194,18.115635338574798,-4.600972083344037,-3.88851896942593,17.521623772028345,0.3055555555555556,44,8.663236658562255,12.301050646939315,23.74857990308504,,2.5442301832972354,7.867703236069019,0.4305555555555556,62.0
