predictor,n_games,mae,rmse,mean_error,median_error,std_error,ats_accuracy,ats_correct,mae_spread_0_3,mae_spread_3_7,mae_spread_7_14,mae_spread_14_100,mean_edge,max_edge,beat_vegas_pct,beat_vegas_games
bk_line,144,8.898367380427048,11.664824413211559,-1.2045834722115183,-0.7664926655395283,11.602461258264608,0.6944444444444444,100,8.037053485200413,8.778917417937276,10.01268989529547,,2.5442301832972354,7.867703236069019,0.6319444444444444,91.0
Vegas,144,9.65625,12.446482657986374,-1.71875,-0.5,12.327239309474589,0.6666666666666666,96,8.9,9.766129032258064,10.808823529411764,5.666666666666667,,,,
