predictor,n_games,mae,rmse,mean_error,median_error,std_error,ats_accuracy,ats_correct,mae_spread_0_3,mae_spread_3_7,mae_spread_7_14,mean_edge,max_edge,beat_vegas_pct,beat_vegas_games
predictor_spread_ballknower,30,11.383333333333333,14.489639977123886,-10.223333333333333,-8.0,10.268063216703636,0.1,3,7.9818181818181815,11.899999999999999,18.8,0.4133333333333334,1.0,0.6666666666666666,20.0
Vegas,30,11.45,14.562795061388455,-10.183333333333334,-7.75,10.410318065372557,0.1,3,8.6,11.375,18.875,,,,
predictor_spread_fivethirtyeight,30,11.58,14.70099769856908,-10.313333333333334,-7.8,10.476377660665392,0.1,3,8.6,11.352941176470589,22.799999999999997,0.29,0.5999999999999996,0.3,9.0
predictor_spread_nfelo,30,11.8,14.906374475371267,-10.526666666666669,-8.35,10.554112415967952,0.1,3,7.9875,11.700000000000001,18.24,0.47666666666666657,0.7000000000000002,0.2,6.0
predictor_spread_massey,30,11.913333333333332,15.031588960142125,-10.613333333333333,-8.05,10.644520760570776,0.1,3,7.65,12.000000000000002,18.44,0.5633333333333334,1.0,0.16666666666666666,5.0
